<?xml version="1.0" encoding="UTF-8"?>
<GenRun Id="impl_1" LaunchPart="xc7z020clg484-1" LaunchTime="1763522149">
  <File Type="ROUTE-PWR" Name="Edge_power_routed.rpt"/>
  <File Type="PA-TCL" Name="Edge.tcl"/>
  <File Type="BITSTR-BMM" Name="Edge_bd.bmm"/>
  <File Type="ROUTE-PWR-SUM" Name="Edge_power_summary_routed.pb"/>
  <File Type="REPORTS-TCL" Name="Edge_reports.tcl"/>
  <File Type="OPT-DCP" Name="Edge_opt.dcp"/>
  <File Type="OPT-DRC" Name="Edge_drc_opted.rpt"/>
  <File Type="OPT-HWDEF" Name="Edge.hwdef"/>
  <File Type="PWROPT-DCP" Name="Edge_pwropt.dcp"/>
  <File Type="PLACE-DCP" Name="Edge_placed.dcp"/>
  <File Type="PLACE-IO" Name="Edge_io_placed.rpt"/>
  <File Type="PLACE-UTIL" Name="Edge_utilization_placed.rpt"/>
  <File Type="PLACE-UTIL-PB" Name="Edge_utilization_placed.pb"/>
  <File Type="PLACE-CTRL" Name="Edge_control_sets_placed.rpt"/>
  <File Type="PLACE-PRE-SIMILARITY" Name="Edge_incremental_reuse_pre_placed.rpt"/>
  <File Type="BG-BGN" Name="Edge.bgn"/>
  <File Type="POSTPLACE-PWROPT-DCP" Name="Edge_postplace_pwropt.dcp"/>
  <File Type="BG-BIN" Name="Edge.bin"/>
  <File Type="PHYSOPT-DCP" Name="Edge_physopt.dcp"/>
  <File Type="BITSTR-MSK" Name="Edge.msk"/>
  <File Type="ROUTE-ERROR-DCP" Name="Edge_routed_error.dcp"/>
  <File Type="ROUTE-DCP" Name="Edge_routed.dcp"/>
  <File Type="ROUTE-BLACKBOX-DCP" Name="Edge_routed_bb.dcp"/>
  <File Type="ROUTE-DRC" Name="Edge_drc_routed.rpt"/>
  <File Type="ROUTE-DRC-PB" Name="Edge_drc_routed.pb"/>
  <File Type="ROUTE-DRC-RPX" Name="Edge_drc_routed.rpx"/>
  <File Type="BITSTR-LTX" Name="Edge.ltx"/>
  <File Type="ROUTE-METHODOLOGY-DRC" Name="Edge_methodology_drc_routed.rpt"/>
  <File Type="BITSTR-MMI" Name="Edge.mmi"/>
  <File Type="ROUTE-METHODOLOGY-DRC-RPX" Name="Edge_methodology_drc_routed.rpx"/>
  <File Type="ROUTE-METHODOLOGY-DRC-PB" Name="Edge_methodology_drc_routed.pb"/>
  <File Type="BITSTR-SYSDEF" Name="Edge.sysdef"/>
  <File Type="ROUTE-PWR-RPX" Name="Edge_power_routed.rpx"/>
  <File Type="ROUTE-STATUS" Name="Edge_route_status.rpt"/>
  <File Type="ROUTE-STATUS-PB" Name="Edge_route_status.pb"/>
  <File Type="ROUTE-TIMINGSUMMARY" Name="Edge_timing_summary_routed.rpt"/>
  <File Type="ROUTE-TIMING-PB" Name="Edge_timing_summary_routed.pb"/>
  <File Type="ROUTE-TIMING-RPX" Name="Edge_timing_summary_routed.rpx"/>
  <File Type="ROUTE-CLK" Name="Edge_clock_utilization_routed.rpt"/>
  <File Type="ROUTE-BUS-SKEW" Name="Edge_bus_skew_routed.rpt"/>
  <File Type="ROUTE-BUS-SKEW-PB" Name="Edge_bus_skew_routed.pb"/>
  <File Type="ROUTE-BUS-SKEW-RPX" Name="Edge_bus_skew_routed.rpx"/>
  <File Type="POSTROUTE-PHYSOPT-DCP" Name="Edge_postroute_physopt.dcp"/>
  <File Type="POSTROUTE-PHYSOPT-BLACKBOX-DCP" Name="Edge_postroute_physopt_bb.dcp"/>
  <File Type="BG-BIT" Name="Edge.bit"/>
  <File Type="BITSTR-RBT" Name="Edge.rbt"/>
  <File Type="BITSTR-NKY" Name="Edge.nky"/>
  <File Type="BG-DRC" Name="Edge.drc"/>
  <File Type="RDI-RDI" Name="Edge.vdi"/>
  <File Type="WBT-USG" Name="usage_statistics_webtalk.html"/>
  <FileSet Name="sources" Type="DesignSrcs" RelSrcDir="$PSRCDIR/sources_1">
    <Filter Type="Srcs"/>
    <File Path="$PSRCDIR/sources_1/imports/VivadoUsed/Edge.v">
      <FileInfo>
        <Attr Name="ImportPath" Val="$PPRDIR/../../../../../../../../Documents/HDL/HW_4/VivadoUsed/Edge.v"/>
        <Attr Name="ImportTime" Val="1763463082"/>
        <Attr Name="UsedIn" Val="synthesis"/>
        <Attr Name="UsedIn" Val="implementation"/>
        <Attr Name="UsedIn" Val="simulation"/>
      </FileInfo>
    </File>
    <Config>
      <Option Name="DesignMode" Val="RTL"/>
      <Option Name="TopModule" Val="Edge"/>
      <Option Name="TopAutoSet" Val="TRUE"/>
    </Config>
  </FileSet>
  <FileSet Name="constrs_in" Type="Constrs" RelSrcDir="$PSRCDIR/constrs_1">
    <Filter Type="Constrs"/>
    <File Path="$PSRCDIR/constrs_1/imports/VivadoUsed/constraint.xdc">
      <FileInfo>
        <Attr Name="ImportPath" Val="$PPRDIR/../../../../../../../../Documents/HDL/HW_4/VivadoUsed/constraint.xdc"/>
        <Attr Name="ImportTime" Val="1763522069"/>
        <Attr Name="UsedIn" Val="synthesis"/>
        <Attr Name="UsedIn" Val="implementation"/>
      </FileInfo>
    </File>
    <Config>
      <Option Name="ConstrsType" Val="XDC"/>
    </Config>
  </FileSet>
  <FileSet Name="utils" Type="Utils" RelSrcDir="$PSRCDIR/utils_1">
    <Filter Type="Utils"/>
    <Config>
      <Option Name="TopAutoSet" Val="TRUE"/>
    </Config>
  </FileSet>
  <Strategy Version="1" Minor="2">
    <StratHandle Name="Vivado Implementation Defaults" Flow="Vivado Implementation 2018"/>
    <Step Id="init_design"/>
    <Step Id="opt_design"/>
    <Step Id="power_opt_design"/>
    <Step Id="place_design"/>
    <Step Id="post_place_power_opt_design"/>
    <Step Id="phys_opt_design"/>
    <Step Id="route_design"/>
    <Step Id="post_route_phys_opt_design"/>
    <Step Id="write_bitstream"/>
  </Strategy>
</GenRun>
